episode,seed,cube_x,cube_y,cube_yaw,plan_time_s,ik_time_s,ik_iters_total,ik_iters_mean,ik_iters_max,waypoints,joint_limit_viol,plan_min_clear,yaw_tries,grasp_yaw,place_yaw,success,failure_reason,vel_viol,max_vel_ratio,min_clear_robot,min_clear_cube_tray,cube_tray_contact,final_cube_x,final_cube_y,final_cube_z,sim_time_s,method
0,0,0.512,0.0057,-2.8841,0.0326,0.0246,108,1.0,1,108,0,0.0113,1,0.257,0.0,True,,0,0.367,0.0113,0.055,False,0.4773,-0.3199,0.1238,8.88,mink
1,1,0.4782,0.3733,-2.2358,0.0456,0.0349,164,1.0,1,164,0,0.0112,1,0.906,1.571,True,,0,0.245,0.0113,0.0584,False,0.4747,-0.3185,0.1238,11.57,mink
2,2,0.4106,0.0212,1.9743,0.0333,0.0253,113,1.0,1,113,0,0.0113,1,0.404,0.0,True,,0,0.382,0.0114,0.0548,False,0.4775,-0.3197,0.1238,9.12,mink
3,3,0.3631,-0.0121,1.893,0.0295,0.0224,114,1.0,1,114,0,0.0114,1,0.322,0.0,True,,0,0.393,0.0115,0.0547,False,0.4776,-0.3197,0.1238,9.17,mink
4,4,0.5946,0.1361,2.9923,0.0421,0.0324,126,1.0,1,126,0,0.0112,1,1.422,1.571,True,,0,0.192,0.0113,0.0586,False,0.4746,-0.3202,0.1238,9.75,mink
5,5,0.5574,0.2963,0.0963,0.0571,0.0441,150,1.0,1,150,0,0.0112,1,1.667,1.571,True,,0,0.195,0.0113,0.0585,False,0.4746,-0.3204,0.1238,10.9,mink
6,6,0.4853,0.0454,-0.8227,0.0436,0.0331,113,1.0,1,113,0,0.0113,1,0.748,0.0,True,,0,0.327,0.0114,0.0554,False,0.477,-0.3198,0.1238,9.12,mink
7,7,0.5088,0.3445,1.7322,0.0664,0.0496,158,1.0,1,158,0,0.0112,1,1.732,1.571,True,,0,0.196,0.0113,0.0587,False,0.4746,-0.3203,0.1238,11.28,mink
8,8,0.4283,0.3931,-1.1391,0.0645,0.0495,168,1.0,1,168,0,0.0112,1,2.003,1.571,True,,0,0.229,0.0113,0.0585,False,0.4747,-0.3205,0.1238,11.76,mink
9,9,0.575,0.0149,0.6481,0.0469,0.0354,110,1.0,1,110,0,0.0112,1,0.648,0.0,True,,0,0.261,0.0113,0.0555,False,0.4768,-0.3197,0.1238,8.98,mink
10,10,0.5981,-0.0279,2.0637,0.0421,0.0316,107,1.0,1,107,0,0.0112,1,0.493,0.0,True,,0,0.283,0.0113,0.0556,False,0.4766,-0.3197,0.1238,8.84,mink
11,11,0.3747,0.1296,0.6377,0.0569,0.0442,129,1.0,1,129,0,0.0114,1,0.638,0.0,True,,0,0.371,0.0115,0.0543,False,0.478,-0.3198,0.1238,9.89,mink
12,12,0.4077,0.3712,-1.9521,0.0696,0.052,165,1.0,1,165,0,0.0112,1,1.19,1.571,True,,0,0.248,0.0113,0.0584,False,0.4747,-0.3184,0.1238,11.62,mink
13,13,0.5735,0.3219,1.9542,0.0642,0.0493,154,1.0,1,154,0,0.0112,1,1.954,1.571,True,,0,0.225,0.0113,0.0581,False,0.4746,-0.3207,0.1238,11.09,mink
14,14,0.5644,0.0549,1.2738,0.0444,0.0336,114,1.0,1,114,0,0.0112,1,1.274,1.571,True,,0,0.248,0.0113,0.059,False,0.4747,-0.3198,0.1238,9.17,mink
15,15,0.527,0.3005,-0.9776,0.0581,0.0448,151,1.0,1,151,0,0.0112,1,0.593,0.0,True,,0,0.301,0.0113,0.0544,False,0.4778,-0.3199,0.1238,10.95,mink
16,16,0.4931,0.0926,-2.5505,0.0529,0.0408,119,1.0,1,119,0,0.0113,1,0.591,0.0,True,,0,0.311,0.0114,0.055,False,0.4773,-0.3199,0.1238,9.41,mink
17,17,0.5682,-0.0531,0.3628,0.045,0.0343,104,1.0,1,104,0,0.0112,1,0.363,0.0,True,,0,0.306,0.0113,0.0555,False,0.4768,-0.3199,0.1238,8.69,mink
18,18,0.4478,0.2474,-1.3771,0.0612,0.0473,142,1.0,1,142,0,0.0113,1,1.764,1.571,True,,0,0.281,0.0114,0.0587,False,0.4747,-0.3202,0.1238,10.52,mink
19,19,0.4535,0.36,-1.4208,0.083,0.0656,162,1.0,1,162,0,0.0112,1,1.721,1.571,True,,0,0.227,0.0113,0.0589,False,0.4747,-0.3201,0.1238,11.48,mink
20,20,0.4156,0.109,-2.3768,0.0705,0.0543,124,1.0,1,124,0,0.0113,1,0.765,0.0,True,,0,0.355,0.0114,0.055,False,0.4773,-0.3197,0.1238,9.65,mink
21,21,0.5509,0.1872,1.3182,0.063,0.0471,132,1.0,1,132,0,0.0112,1,1.318,1.571,True,,0,0.223,0.0113,0.0591,False,0.4747,-0.3198,0.1238,10.04,mink
22,22,0.4389,-0.0324,-2.5852,0.0593,0.0468,106,1.0,1,106,0,0.0113,1,0.556,0.0,True,,0,0.365,0.0114,0.0553,False,0.477,-0.3199,0.1238,8.79,mink
23,23,0.5274,0.2064,-2.3333,0.126,0.0976,134,1.0,1,134,0,0.0112,1,0.808,1.571,True,,0,0.278,0.0113,0.0587,False,0.4746,-0.3187,0.1238,10.13,mink
24,24,0.4292,0.0788,0.4696,0.0547,0.0417,119,1.0,1,119,0,0.0113,1,0.47,0.0,True,,0,0.363,0.0114,0.0546,False,0.4776,-0.3197,0.1238,9.41,mink
