episode,seed,cube_x,cube_y,cube_yaw,plan_time_s,ik_time_s,ik_iters_total,ik_iters_mean,ik_iters_max,waypoints,joint_limit_viol,plan_min_clear,yaw_tries,grasp_yaw,place_yaw,success,failure_reason,vel_viol,max_vel_ratio,min_clear_robot,min_clear_cube_tray,cube_tray_contact,final_cube_x,final_cube_y,final_cube_z,sim_time_s,method
0,0,0.512,0.0057,-2.8841,0.042,0.0299,230,2.13,3,108,0,0.012,1,0.257,0.0,True,,0,0.366,0.0121,0.0549,False,0.4773,-0.3198,0.1238,8.88,dls
1,1,0.4782,0.3733,-2.2358,0.1089,0.084,341,2.08,3,164,0,0.0119,1,0.906,1.571,True,,0,0.241,0.012,0.0591,False,0.4748,-0.3193,0.1238,11.57,dls
2,2,0.4106,0.0212,1.9743,0.1372,0.1044,273,2.42,3,113,0,0.0115,1,0.404,0.0,True,,0,0.383,0.0116,0.0545,False,0.4777,-0.3196,0.1238,9.12,dls
3,3,0.3631,-0.0121,1.893,0.0646,0.0488,284,2.49,3,114,0,0.0117,1,0.322,0.0,True,,0,0.395,0.0117,0.0543,False,0.4779,-0.3198,0.1238,9.17,dls
4,4,0.5946,0.1361,2.9923,0.0631,0.0449,254,2.02,3,126,0,0.0118,1,1.422,1.571,True,,0,0.19,0.012,0.0583,False,0.4747,-0.3208,0.1238,9.75,dls
5,5,0.5574,0.2963,0.0963,0.061,0.0444,303,2.02,3,150,0,0.0118,1,1.667,1.571,True,,0,0.192,0.0119,0.0581,False,0.4747,-0.321,0.1238,10.9,dls
6,6,0.4853,0.0454,-0.8227,0.0342,0.0244,241,2.13,3,113,0,0.0121,1,0.748,0.0,True,,0,0.328,0.0121,0.0552,False,0.4771,-0.3197,0.1238,9.12,dls
7,7,0.5088,0.3445,1.7322,0.0446,0.0323,322,2.04,3,158,0,0.0119,1,1.732,1.571,True,,0,0.197,0.012,0.058,False,0.4746,-0.3212,0.1238,11.28,dls
8,8,0.4283,0.3931,-1.1391,0.0489,0.0355,349,2.08,3,168,0,0.012,1,2.003,1.571,True,,0,0.229,0.0121,0.0574,False,0.4747,-0.3218,0.1238,11.76,dls
9,9,0.575,0.0149,0.6481,0.031,0.0217,227,2.06,3,110,0,0.0119,1,0.648,0.0,True,,0,0.261,0.012,0.0555,False,0.4767,-0.3197,0.1238,8.98,dls
10,10,0.5981,-0.0279,2.0637,0.031,0.0219,219,2.05,3,107,0,0.0119,1,0.493,0.0,True,,0,0.283,0.012,0.0556,False,0.4766,-0.3198,0.1238,8.84,dls
11,11,0.3747,0.1296,0.6377,0.0397,0.0294,306,2.37,3,129,0,0.0117,1,0.638,0.0,True,,0,0.372,0.0117,0.0539,False,0.4783,-0.3198,0.1238,9.89,dls
12,12,0.4077,0.3712,-1.9521,0.0449,0.0325,348,2.11,3,165,0,0.012,1,1.19,1.571,True,,0,0.249,0.0121,0.0592,False,0.4747,-0.3195,0.1238,11.62,dls
13,13,0.5735,0.3219,1.9542,0.0435,0.0315,315,2.05,3,154,0,0.0118,1,1.954,1.571,True,,0,0.225,0.0119,0.0577,False,0.4746,-0.3214,0.1238,11.09,dls
14,14,0.5644,0.0549,1.2738,0.0322,0.0229,235,2.06,3,114,0,0.0119,1,1.274,1.571,True,,0,0.248,0.012,0.0587,False,0.4747,-0.3204,0.1238,9.17,dls
15,15,0.527,0.3005,-0.9776,0.0421,0.0301,307,2.03,3,151,0,0.0119,1,0.593,0.0,True,,0,0.298,0.012,0.0543,False,0.4779,-0.3197,0.1238,10.95,dls
16,16,0.4931,0.0926,-2.5505,0.0341,0.0243,252,2.12,3,119,0,0.012,1,0.591,0.0,True,,0,0.309,0.0121,0.0548,False,0.4774,-0.3198,0.1238,9.41,dls
17,17,0.5682,-0.0531,0.3628,0.0317,0.0227,215,2.07,3,104,0,0.0119,1,0.363,0.0,True,,0,0.306,0.012,0.0554,False,0.4768,-0.3198,0.1238,8.69,dls
18,18,0.4478,0.2474,-1.3771,0.0423,0.0303,297,2.09,3,142,0,0.0114,1,1.764,1.571,True,,0,0.281,0.0115,0.0577,False,0.4746,-0.3215,0.1238,10.52,dls
19,19,0.4535,0.36,-1.4208,0.044,0.0317,333,2.06,3,162,0,0.012,1,1.721,1.571,True,,0,0.227,0.0121,0.0581,False,0.4746,-0.3211,0.1238,11.48,dls
20,20,0.4156,0.109,-2.3768,0.04,0.0295,287,2.31,3,124,0,0.0115,1,0.765,0.0,True,,0,0.356,0.0116,0.0547,False,0.4774,-0.3197,0.1238,9.65,dls
21,21,0.5509,0.1872,1.3182,0.0405,0.0279,270,2.05,3,132,0,0.0119,1,1.318,1.571,True,,0,0.222,0.012,0.0587,False,0.4747,-0.3205,0.1238,10.04,dls
22,22,0.4389,-0.0324,-2.5852,0.0329,0.0236,240,2.26,3,106,0,0.0115,1,0.556,0.0,True,,0,0.366,0.0115,0.0551,False,0.4771,-0.3197,0.1238,8.79,dls
23,23,0.5274,0.2064,-2.3333,0.0382,0.0273,277,2.07,3,134,0,0.0119,1,0.808,1.571,True,,0,0.276,0.012,0.0592,False,0.4747,-0.3193,0.1238,10.13,dls
24,24,0.4292,0.0788,0.4696,0.0378,0.0279,274,2.3,3,119,0,0.0115,1,0.47,0.0,True,,0,0.364,0.0116,0.0544,False,0.4777,-0.3197,0.1238,9.41,dls
