experiment,method,episodes,success,success_rate,ci95,plan_time_ms,plan_time_std,ik_iters_per_waypoint,ik_iters_max,min_clear_robot_mm,min_clear_cube_tray_mm,cube_tray_contacts,joint_limit_viol,vel_viol,max_vel_ratio,main_failure
nominal,mink,25,25,1.0,0.87-1.00,56.5,19.5,1.0,1,11.3,54.3,0,0,0,0.39,-
nominal,pinv,25,25,1.0,0.87-1.00,33.9,9.3,2.0,2,11.6,54.4,0,0,0,0.39,-
nominal,dls,25,25,1.0,0.87-1.00,48.4,24.7,2.14,3,11.5,53.9,0,0,0,0.4,-
nominal,qp,25,25,1.0,0.87-1.00,73.0,15.3,5.89,7,11.9,54.2,0,0,0,0.39,-
stress,mink,25,25,1.0,0.87-1.00,53.1,19.7,1.0,1,11.3,28.1,0,0,0,0.52,-
stress,pinv,25,25,1.0,0.87-1.00,37.6,16.6,2.0,2,11.6,28.1,0,0,0,0.52,-
stress,dls,25,25,1.0,0.87-1.00,47.0,25.4,2.14,3,11.5,28.2,0,0,0,0.52,-
stress,qp,25,25,1.0,0.87-1.00,81.8,37.6,5.91,7,11.9,28.1,0,0,0,0.52,-
naive,mink,25,4,0.16,0.06-0.35,139.5,118.0,2.02,150,0.9,-10.9,13,0,4,3.27,ik_infeasible
naive,pinv,25,6,0.24,0.11-0.43,46.5,19.8,2.0,2,1.0,-11.4,25,413,0,0.81,cube_tray_collision
naive,dls,25,7,0.28,0.14-0.48,54.5,18.8,2.25,3,1.0,-12.5,25,375,0,0.81,cube_tray_collision
naive,qp,25,4,0.16,0.06-0.35,88.7,40.7,7.68,150,-0.2,-11.7,19,0,1,1.44,cube_tray_collision
